trace,thickness,thickness_user_lower,thickness_user_upper,thickness_user_std,thickness_user_nmad,thickness_user_count,temperate,temperate_user_lower,temperate_user_upper,temperate_user_std,temperate_user_nmad,temperate_user_count
0,75.223877,75.223877,75.223877,0.610868,0.0,5,0.0,0.0,0.0,0.73862,0.0,3.0
27,77.270798,77.014931,78.805977,1.376547,1.517377,10,0.0,0.0,0.0,1.133993,1.327697,8.0
46,79.57357,78.294243,80.852882,1.60672,1.327703,10,0.0,0.511734,0.0,1.401422,0.948354,8.0
56,80.852882,79.82943,81.620476,1.674771,1.707045,10,0.0,0.0,0.0,1.585748,0.94836,8.0
64,82.388062,81.108749,82.388062,1.752244,1.70704,10,0.0,0.511726,0.0,1.734002,1.138028,8.0
71,83.155655,82.388062,83.923241,1.642538,1.327703,10,0.0,0.511726,0.0,1.641177,1.138028,8.0
77,83.667381,83.411514,85.202568,1.630761,1.327708,10,0.0,0.255867,0.0,1.734003,1.707051,8.0
84,85.202568,84.434975,86.226021,1.52472,1.327703,10,0.0,0.767593,0.0,1.669425,1.896719,8.0
90,85.970154,85.202568,87.249474,1.545804,1.707045,10,0.0,1.023453,0.0,1.710583,2.465731,8.0
97,87.249474,86.226021,88.272926,1.464616,1.517371,10,0.0,1.27932,0.0,1.599326,2.465731,8.0
104,88.272926,86.73774,88.784645,1.377603,1.707034,10,0.0,1.535187,0.0,1.430729,1.517365,8.0
110,89.040512,87.505341,89.040512,1.370191,0.94836,10,0.0,1.535172,0.0,1.359074,0.94836,8.0
116,89.040512,88.272926,89.552246,1.340133,0.94836,10,0.0,0.767586,0.0,1.345242,0.758691,8.0
123,89.296379,89.040512,89.552246,1.213368,0.758691,10,0.0,0.255867,0.0,1.143747,0.758691,8.0
131,89.552246,89.296379,89.808098,1.20162,0.569023,10,0.0,0.255867,0.0,1.183923,0.569023,8.0
137,89.552246,89.296379,90.063972,1.134359,0.569017,10,0.0,0.255867,0.0,1.135538,0.569011,8.0
143,89.552246,89.552246,90.063972,1.03371,0.569011,10,0.0,0.0,0.0,1.048283,0.569011,8.0
149,89.808098,89.552246,90.063972,0.924891,0.37936,10,0.0,0.255852,0.0,0.917445,0.569006,8.0
156,89.808098,89.552246,90.063972,0.881813,0.569017,10,0.0,0.0,0.0,0.829094,0.379348,8.0
162,89.808098,89.552246,90.063972,0.865158,0.569017,10,0.0,0.0,0.0,0.806217,0.569017,8.0
169,89.808098,89.552246,90.319832,0.878092,0.758686,10,0.0,0.255852,0.0,0.773657,0.758691,8.0
176,89.808098,89.552246,90.319832,0.906221,0.758691,10,0.0,0.255852,0.0,0.773657,0.758691,8.0
183,89.808098,89.552246,90.575699,0.9743,0.94836,10,0.0,0.0,0.0,0.770634,0.948371,8.0
190,90.319832,89.552246,91.343285,1.105788,1.517371,10,0.0,0.511734,0.0,0.862273,1.138045,8.0
198,90.831558,90.063972,91.599159,1.121463,1.327708,10,0.0,0.511726,0.0,0.853412,1.138023,8.0
206,91.087425,90.319832,92.110878,1.19281,1.517371,10,0.0,0.255867,0.0,0.926954,1.138034,8.0
213,91.599159,90.831558,92.622604,1.263873,1.517371,10,0.0,0.255875,0.0,0.976695,1.138028,8.0
219,92.110878,91.087425,92.878464,1.281023,1.707045,10,0.0,0.255867,0.0,0.937614,1.138034,8.0
226,92.366745,91.599159,93.390198,1.361672,1.707045,10,0.0,0.0,0.0,1.014276,1.138034,8.0
234,93.134331,92.110878,93.901932,1.349597,1.707045,10,0.0,0.255867,0.0,1.021168,1.138034,8.0
241,93.646057,92.622604,94.157784,1.260703,1.70704,10,0.0,0.255859,0.0,1.0183,1.138023,8.0
248,94.157784,93.390198,94.669518,1.225299,1.327697,10,0.0,0.511726,0.0,0.976697,1.138028,8.0
254,94.669518,93.901932,95.181236,1.15186,1.327697,10,0.0,0.511734,0.0,0.976696,1.138034,8.0
261,95.181236,94.669518,95.437103,1.066608,0.948348,10,0.0,0.511719,0.0,0.921894,0.948348,8.0
267,95.69297,94.925369,95.948822,1.087211,1.138034,10,0.0,0.511734,0.0,0.964655,0.94836,8.0
274,96.204697,95.69297,96.460556,1.02203,0.94836,10,0.0,0.511726,0.0,0.99331,1.138028,8.0
280,96.460556,96.204697,96.97229,1.031947,0.94836,10,0.0,0.255859,0.0,1.039322,1.138028,8.0
287,96.716423,96.716423,97.739876,1.105786,0.758691,10,0.0,0.0,0.0,1.175999,1.138028,8.0
293,96.97229,96.97229,98.251595,1.093546,0.758686,10,0.0,0.0,0.0,1.187866,1.138023,8.0
299,97.228149,97.228149,98.763329,0.960765,0.758686,10,0.0,0.0,0.0,1.041568,1.327697,8.0
306,97.484009,97.484009,99.019196,0.902603,0.379348,10,0.0,0.0,0.0,0.967075,1.138034,8.0
312,97.739876,97.739876,99.019196,0.844739,0.569023,10,0.0,0.0,0.0,0.854097,1.138034,8.0
319,98.251595,97.484009,98.763329,0.804152,1.138034,10,0.0,0.255852,0.0,0.723692,0.758686,8.0
326,98.507469,97.484009,98.763329,0.819828,0.379348,10,0.0,0.255875,0.0,0.709827,0.189669,8.0
332,98.251595,97.484009,98.507469,0.876432,0.569017,10,0.0,0.255852,0.0,0.79453,0.379348,8.0
339,97.739876,96.97229,97.995743,0.932722,0.948354,10,0.0,0.767586,0.0,0.906549,0.948348,8.0
345,96.97229,96.204697,97.484009,1.044907,1.517365,10,0.0,0.767593,0.0,1.085538,1.327703,8.0
352,96.204697,95.437103,96.97229,1.16972,1.517365,10,0.0,0.767593,0.0,1.195716,1.138034,8.0
358,95.437103,94.925369,96.716423,1.28669,1.517382,10,0.0,0.511734,0.0,1.310021,1.138034,8.0
364,94.413651,94.157784,95.948822,1.36167,1.51736,10,0.0,0.255867,0.0,1.37447,1.138023,8.0
370,93.646057,93.134331,95.181236,1.582083,1.517365,10,0.0,0.255859,0.0,1.56198,1.138028,8.0
376,92.878464,92.110878,94.157784,1.66781,1.327708,10,0.0,0.255859,0.0,1.555984,1.138034,8.0
383,91.855011,91.087425,93.390198,1.591251,1.517365,10,0.0,0.255852,0.0,1.390955,1.327703,8.0
390,90.831558,90.063972,92.366745,1.492172,1.517371,10,0.0,0.255859,0.0,1.241757,1.138023,8.0
396,90.063972,89.552246,91.599159,1.33796,1.707051,10,0.0,0.255875,0.0,1.085538,0.758674,8.0
402,89.296379,89.040512,90.831558,1.200409,1.327703,10,0.0,0.0,0.0,0.921895,0.758686,8.0
408,89.040512,88.272926,90.319832,1.22678,1.327708,10,0.0,0.511719,0.0,0.995075,0.94836,8.0
414,88.528793,87.7612,89.552246,1.297946,1.517365,10,0.0,0.511734,0.0,1.058823,1.138028,8.0
421,88.017059,86.993607,88.784645,1.253469,1.517371,10,0.0,0.511719,0.0,0.95674,1.138023,8.0
427,87.249474,86.73774,88.017059,1.297946,1.327708,10,0.0,0.255867,0.0,0.999765,1.138034,8.0
434,86.481873,86.226021,87.249474,1.300465,1.138028,10,0.0,0.255852,0.0,0.993311,1.327708,8.0
440,85.970154,85.458427,86.73774,1.311604,1.327703,10,0.0,0.255867,0.0,1.097853,1.138034,8.0
447,85.458427,84.690834,86.481873,1.249111,1.517371,10,0.0,0.0,0.0,1.131414,0.948354,8.0
454,84.690834,84.434975,85.970154,1.183014,1.138028,10,0.0,0.0,0.0,1.093584,1.138034,8.0
461,84.434975,84.179108,85.458427,1.140756,1.138034,10,0.0,0.0,0.0,1.065977,1.138028,8.0
467,84.690834,84.179108,84.946701,1.253762,1.327703,10,0.0,0.511726,0.0,1.251604,1.327703,8.0
473,84.690834,83.923241,84.946701,1.230336,1.138034,10,0.0,0.767593,0.0,1.251605,1.138034,8.0
480,84.434975,84.179108,85.202568,1.140755,1.138028,10,0.0,0.255867,0.0,1.166517,1.327703,8.0
485,84.690834,84.179108,85.202568,1.188231,1.138028,10,0.0,0.511726,0.0,1.218956,1.327708,8.0
493,85.202568,84.179108,85.458427,1.200109,1.327697,10,0.0,1.02346,0.0,1.251606,1.138028,8.0
499,85.202568,84.434975,85.714287,1.127931,0.94836,10,0.0,0.767593,0.0,1.16802,0.758686,8.0
505,85.458427,84.434975,86.226021,1.051845,0.948365,10,0.0,1.023453,0.0,1.084999,0.569017,8.0
512,85.970154,85.202568,86.481873,1.009498,1.138023,10,0.0,0.767586,0.0,1.041568,0.758686,8.0
519,86.226021,86.226021,86.73774,0.981366,0.948354,10,0.0,0.0,0.0,0.999763,0.94836,8.0
526,86.993607,86.481873,87.505341,0.9784,1.327708,10,0.0,0.511734,0.0,0.986228,1.517371,8.0
532,87.505341,86.993607,88.272926,1.01058,1.327708,10,0.0,0.511734,0.0,0.976097,1.327697,8.0
539,88.528793,87.7612,89.040512,0.973921,1.327697,10,0.0,0.767593,0.0,0.864972,1.327697,8.0
544,89.040512,88.272926,89.552246,0.98875,1.327697,10,0.0,0.511719,0.0,0.862269,1.327697,8.0
551,89.552246,89.296379,90.319832,0.980253,0.758691,10,0.0,0.0,0.0,0.802582,1.138028,8.0
558,90.319832,90.319832,91.087425,0.884695,0.758686,10,0.0,0.0,0.0,0.770631,0.948365,8.0
564,91.087425,90.831558,91.599159,0.861788,0.758691,10,0.0,0.255867,0.0,0.82556,1.138034,8.0
570,91.855011,91.343285,92.366745,0.852879,1.138028,10,0.0,0.511726,0.0,0.77893,0.94836,8.0
577,92.622604,92.110878,93.646057,0.900986,1.138028,10,0.0,0.511726,0.0,0.82556,0.758686,8.0
584,93.134331,92.878464,93.901932,0.973927,0.948365,10,0.0,0.255867,0.0,0.917447,1.138034,8.0
591,93.646057,93.390198,94.157784,0.966802,0.948354,10,0.0,0.255859,0.0,0.916806,0.94836,8.0
598,94.157784,93.901932,94.413651,0.870184,0.758674,10,0.0,0.255852,0.0,0.853408,0.758674,8.0
604,94.413651,94.157784,95.181236,0.936224,0.948348,10,0.0,0.255867,0.0,0.875053,0.758686,8.0
611,94.925369,94.157784,95.437103,0.861786,0.758686,10,0.0,0.511719,0.0,0.758397,0.379348,8.0
616,95.181236,94.157784,95.437103,0.896537,0.758697,10,0.0,0.767586,0.0,0.785654,0.379348,8.0
623,94.925369,94.157784,95.181236,0.868092,0.758697,10,0.0,0.511719,0.0,0.778927,0.569023,8.0
629,94.413651,94.157784,94.925369,0.892877,0.94836,10,0.0,0.255867,0.0,0.85341,0.94836,8.0
636,94.157784,93.901932,94.925369,0.932721,1.138023,10,0.0,0.255852,0.0,0.927583,0.948348,8.0
642,93.901932,93.646057,94.669518,0.989117,0.94836,10,0.0,0.0,0.0,0.976094,0.569011,8.0
648,93.646057,93.390198,94.157784,1.060112,0.758686,10,0.0,0.255859,0.0,1.041009,0.948354,8.0
655,93.134331,92.878464,93.646057,1.140752,0.758691,10,0.0,0.255867,0.0,1.139647,1.138034,8.0
661,92.878464,92.366745,93.134331,1.112344,0.758674,10,0.0,0.255859,0.0,1.06762,0.75868,8.0
667,92.622604,91.855011,92.878464,1.155643,1.138034,10,0.0,0.511726,0.0,1.076887,1.138028,8.0
673,92.110878,91.599159,92.366745,1.104141,1.138028,10,0.0,0.255867,0.0,1.022883,0.94836,8.0
679,91.855011,91.087425,92.110878,1.079151,1.138028,10,0.0,0.511726,0.0,0.976695,0.94836,8.0
684,91.343285,90.831558,91.855011,1.044561,0.94836,10,0.0,0.255859,0.0,0.961621,0.758691,8.0
691,91.087425,90.319832,91.087425,1.026648,0.948354,10,0.0,0.511726,0.0,0.947535,0.569011,8.0
699,90.063972,89.808098,90.575699,1.031947,0.758691,10,0.0,0.0,0.0,0.985631,0.758686,8.0
706,89.808098,89.040512,90.319832,1.100512,1.138023,10,0.0,0.511719,0.0,1.031988,0.758697,8.0
712,89.296379,88.528793,90.063972,1.078814,1.138028,10,0.0,0.255867,0.0,1.009073,0.758686,8.0
719,88.784645,88.272926,89.808098,1.10677,1.327697,10,0.0,0.255852,0.0,1.004429,0.948365,8.0
726,88.272926,88.017059,89.296379,1.121462,1.138028,10,0.0,0.0,0.0,1.018302,0.94836,8.0
733,88.017059,87.505341,89.040512,1.158158,1.327697,10,0.0,0.0,0.0,1.011967,0.94836,8.0
740,87.505341,87.249474,88.784645,1.131471,1.51736,10,0.0,0.0,0.0,0.966466,1.138023,8.0
746,87.505341,87.249474,88.528793,1.054608,1.327703,10,0.0,0.255867,0.0,0.831907,0.948348,8.0
754,87.505341,86.73774,88.272926,1.040722,1.138045,10,0.0,0.767601,0.0,0.840298,0.758686,8.0
762,87.505341,86.226021,87.7612,1.051847,1.327697,10,0.0,1.023468,0.0,0.814154,0.75868,8.0
767,87.249474,86.226021,87.7612,1.063878,1.138023,10,0.0,0.767601,0.0,0.745964,0.569011,8.0
775,86.993607,85.970154,87.505341,0.959252,0.948354,10,0.0,0.511734,0.0,0.689784,0.569006,8.0
782,87.249474,85.970154,87.249474,0.98875,1.138023,10,0.0,0.767601,0.0,0.723692,0.948354,8.0
787,86.993607,85.970154,87.7612,1.09255,1.138034,10,0.0,0.511734,0.0,0.794533,0.758686,8.0
795,87.505341,86.481873,87.7612,1.057021,1.138034,10,0.0,0.767601,0.0,0.709831,0.75868,8.0
802,87.505341,86.73774,88.272926,1.050115,1.327708,10,0.0,0.767601,0.0,0.782673,0.758686,8.0
809,87.505341,86.73774,88.528793,1.157215,1.707034,10,0.0,0.255867,0.0,0.945063,1.138023,8.0
816,87.7612,87.505341,89.040512,1.125348,1.517365,10,0.0,0.0,0.0,0.894215,0.758697,8.0
823,88.528793,88.017059,89.808098,1.144572,1.138028,10,0.0,0.0,0.0,0.862267,0.569028,8.0
830,89.296379,89.040512,90.319832,1.168162,1.138034,10,0.0,0.255867,0.0,0.814154,1.138028,8.0
836,90.063972,89.552246,90.831558,1.254633,1.138028,10,0.0,0.255875,0.0,0.896176,0.948365,8.0
843,90.831558,90.319832,91.087425,1.24882,1.138028,10,0.0,0.0,0.0,0.921895,0.569017,8.0
850,91.599159,90.831558,91.855011,1.379449,1.327703,10,0.0,0.511734,0.0,1.076886,1.138028,8.0
857,92.110878,91.343285,92.622604,1.422031,1.517377,10,0.0,0.511719,0.0,1.222782,1.138034,8.0
866,92.878464,92.366745,93.646057,1.508654,1.327691,10,0.0,0.255859,0.0,1.33827,1.327703,8.0
873,93.901932,93.134331,94.669518,1.554252,1.327697,10,0.0,0.0,0.0,1.333016,1.138023,8.0
881,95.437103,94.157784,95.69297,1.588509,1.327697,10,0.0,0.0,0.0,1.333018,0.379348,8.0
888,96.460556,94.925369,96.716423,1.743923,1.517382,10,0.0,0.0,0.0,1.490359,0.379348,8.0
897,97.739876,96.204697,98.251595,1.717656,1.707045,10,0.0,0.511726,0.0,1.515253,0.948354,8.0
905,98.507469,97.484009,99.530922,1.701703,1.707045,10,0.0,0.511726,0.0,1.504026,1.70704,8.0
912,99.530922,98.763329,100.554367,1.660158,1.707045,10,0.0,0.511726,0.0,1.513323,1.707045,8.0
919,100.554367,100.042656,101.833694,1.621818,1.707045,10,0.0,0.0,0.0,1.552977,1.707057,8.0
927,102.345428,101.833694,103.113014,1.345549,1.327697,10,0.0,0.255867,0.0,1.322011,1.327697,8.0
934,103.8806,103.624748,104.392334,1.17592,0.94836,10,0.0,0.255852,0.0,1.150368,1.138028,8.0
940,105.159927,104.648201,105.927513,1.02203,1.138017,10,0.0,0.511726,0.0,1.022882,1.327686,8.0
947,106.950966,106.43924,107.4627,0.926855,0.94836,10,0.0,0.511726,0.0,0.974298,0.94836,8.0
953,107.974419,107.974419,108.486145,0.928033,0.75868,10,0.0,0.0,0.0,0.947535,0.569011,8.0
960,109.509598,109.253738,109.765472,0.994982,0.37936,10,0.0,0.255859,0.0,1.013695,0.379348,8.0
967,110.78891,110.533058,111.300644,1.023454,0.758697,10,0.0,0.255852,0.0,1.009077,0.758686,8.0
975,112.068245,111.556511,112.579964,0.960769,1.138034,10,0.0,0.511734,0.0,0.917447,1.138034,8.0
981,113.347549,112.579964,113.603416,0.968307,1.138023,10,0.0,0.767586,0.0,0.927586,1.138023,8.0
988,114.37101,113.859283,114.626869,1.073746,0.758691,10,0.0,0.511726,0.0,1.058824,0.569023,8.0
995,115.138603,114.37101,115.650322,0.987646,0.948354,10,0.0,0.767593,0.0,0.986223,0.569017,8.0
1002,115.906189,115.138603,116.417908,0.900986,0.75868,10,0.0,0.767586,0.0,0.864298,0.379337,8.0
1009,116.417908,115.906189,116.929642,0.693404,0.758697,10,0.0,0.511719,0.0,0.680394,0.379348,8.0
1015,116.673782,115.906189,117.185501,0.733674,0.948354,10,0.0,1.02346,0.0,0.770631,0.758686,8.0
1021,116.673782,116.162048,117.185501,0.830848,0.948365,10,0.0,0.511734,0.0,0.890944,0.948365,8.0
1028,116.673782,116.417908,116.929642,0.774198,0.569028,10,0.0,0.255875,0.0,0.862272,0.569028,8.0
1036,116.673782,116.417908,116.929642,0.724192,0.569006,10,0.0,0.255875,0.0,0.819874,0.569017,8.0
1042,116.673782,116.417908,116.929642,0.753241,0.37936,10,0.0,0.511734,0.0,0.847913,0.758691,8.0
1048,116.417908,116.162048,116.673782,0.800525,0.379348,10,0.0,0.255859,0.0,0.875053,0.569017,8.0
1055,116.417908,116.162048,116.417908,0.800526,0.379348,10,0.0,0.255859,0.0,0.864978,0.379348,8.0
1061,116.162048,115.906189,116.417908,0.804152,0.379337,10,0.0,0.255859,0.0,0.854097,0.379348,8.0
1068,116.162048,115.650322,116.162048,0.903003,0.379337,10,0.0,0.255859,0.0,0.907194,0.379337,8.0
1075,115.906189,115.394463,116.162048,0.981736,0.758674,10,0.0,0.255867,0.0,0.93699,0.569006,8.0
1081,115.650322,115.138603,115.906189,1.023455,0.948348,10,0.0,0.0,0.0,0.947535,0.569011,8.0
1088,115.394463,115.138603,115.906189,1.01775,0.948354,10,0.0,0.0,0.0,1.031983,0.569011,8.0
1095,115.394463,114.882736,115.906189,1.047685,0.948354,10,0.0,0.511726,0.0,1.080678,0.948348,8.0
1102,115.138603,114.626869,116.162048,0.987645,1.327691,10,0.0,0.511734,0.0,1.014274,0.948348,8.0
1110,115.138603,114.626869,116.162048,0.989116,1.138028,10,0.0,0.511734,0.0,1.018299,1.138023,8.0
1117,115.138603,114.882736,116.162048,1.012376,1.138028,10,0.0,0.255867,0.0,1.022881,0.948354,8.0
1124,115.650322,114.882736,116.162048,1.107101,1.138023,10,0.0,0.767586,0.0,1.164008,1.517365,8.0
1130,115.650322,115.138603,116.162048,1.119839,0.948348,10,0.0,0.511719,0.0,1.125715,1.327691,8.0
1137,115.906189,115.394463,116.417908,1.201316,0.948354,10,0.0,0.511726,0.0,1.191795,0.94836,8.0
1144,116.162048,115.650322,116.929642,1.238582,1.138028,10,0.0,0.255859,0.0,1.179966,1.138034,8.0
1150,116.162048,116.162048,117.185501,1.307161,0.948354,10,0.0,0.0,0.0,1.288425,1.327703,8.0
1156,116.673782,116.417908,117.697235,1.371252,1.327703,10,0.0,0.255875,0.0,1.387589,1.327708,8.0
1163,117.185501,116.929642,118.464821,1.447634,1.707045,10,0.0,0.255859,0.0,1.45383,1.327703,8.0
1170,117.697235,117.185501,119.232407,1.526629,1.896708,10,0.0,0.511734,0.0,1.57131,1.517371,8.0
1177,118.464821,117.697235,119.744141,1.595817,1.707051,10,0.0,0.767586,0.0,1.656773,1.327697,8.0
1185,119.488274,117.953094,120.511742,1.70661,1.517382,10,0.0,1.535179,0.0,1.777614,1.327708,8.0
1192,120.511742,118.464821,121.279327,1.852928,1.327697,10,0.0,2.046921,0.0,1.936265,1.327697,8.0
1199,121.535179,118.72068,121.791046,1.85214,1.138045,10,0.0,2.814499,0.0,1.894759,1.138034,8.0
1206,122.30278,119.488274,122.814507,1.840325,0.948371,10,0.0,2.814507,0.0,1.788436,0.948371,8.0
1213,123.070366,120.767593,123.837952,1.911857,1.327703,10,0.0,2.302773,0.0,1.832025,1.138028,8.0
1219,123.5821,121.791046,124.093826,1.785146,0.948354,10,0.0,1.791054,0.0,1.710586,0.948354,8.0
1225,124.093826,122.814507,124.349686,1.630761,0.758686,10,0.0,1.27932,0.0,1.540881,0.758686,8.0
1232,124.349686,124.093826,124.605553,1.439574,0.569017,10,0.0,0.255859,0.0,1.343068,0.569011,8.0
1238,124.605553,124.605553,125.117279,1.318245,1.138034,10,0.0,0.0,0.0,1.241758,0.758691,8.0
1245,124.861412,124.605553,126.140732,1.218449,1.896714,10,0.0,0.0,0.0,1.183921,1.138034,8.0
1252,125.373138,124.861412,126.908318,1.192811,1.327697,10,0.0,0.511726,0.0,1.213668,1.517377,8.0
1259,125.884865,125.629013,127.420052,1.100178,0.758686,10,0.0,0.0,0.0,1.093583,1.327697,8.0
1265,126.396599,126.396599,127.675903,0.981367,0.94836,10,0.0,0.0,0.0,0.957354,1.327686,8.0
1271,127.420052,127.164185,128.443497,0.966806,1.327703,10,0.0,0.255867,0.0,0.9743,1.138034,8.0
1279,128.443497,128.187637,128.955231,1.051845,1.138034,10,0.0,0.255859,0.0,1.094118,1.138034,8.0
1285,129.21109,129.21109,129.978683,1.065583,0.948354,10,0.0,0.0,0.0,1.12727,0.758697,8.0
1291,130.234558,129.978683,130.746277,0.965297,0.948343,10,0.0,0.255875,0.0,0.986223,0.758686,8.0
1298,131.513855,131.258011,131.513855,0.878095,0.568994,10,0.0,0.255844,0.0,0.896179,0.568994,8.0
1304,132.537323,132.281448,132.793182,0.853308,0.569028,10,0.0,0.255875,0.0,0.890945,0.758697,8.0
1311,133.816635,133.560776,134.328369,0.807312,0.569017,10,0.0,0.0,0.0,0.851355,0.569028,8.0
1318,135.351822,135.095947,135.863556,0.802341,0.569028,10,0.0,0.0,0.0,0.854097,0.569017,8.0
1325,137.142868,136.631134,137.142868,0.856705,0.379337,10,0.0,0.255859,0.0,0.916804,0.379337,8.0
1332,138.166321,137.654587,138.933899,1.112016,0.758686,10,0.0,0.511734,0.0,1.215591,0.569006,8.0
1338,139.189774,138.42218,139.957352,1.307161,1.327703,10,0.0,1.279327,0.0,1.44698,1.138034,8.0
1346,139.701492,138.678055,140.469086,1.506724,2.086377,10,0.0,1.535172,0.0,1.662408,2.086377,8.0
1352,139.189774,138.42218,140.213226,1.408928,1.70704,10,0.0,0.767593,0.0,1.485646,2.086388,8.0
1359,138.933899,138.42218,140.469086,1.269614,1.70704,10,0.0,0.511719,0.0,1.230408,1.517382,8.0
1366,138.933899,138.166321,139.701492,1.208863,1.517371,10,0.0,0.511719,0.0,1.118947,1.517371,8.0
1372,138.678055,137.910446,139.445633,1.218451,1.517394,10,0.0,0.0,0.0,1.063227,1.327691,8.0
1379,138.166321,137.654587,139.957352,1.327861,1.707051,10,0.0,0.0,0.0,1.179965,1.517371,8.0
1386,137.910446,137.398727,139.701492,1.484349,1.896708,10,0.0,0.511719,0.0,1.367648,1.707051,8.0
1393,137.910446,137.142868,139.445633,1.526626,1.896697,10,0.0,0.767578,0.0,1.45664,1.896719,8.0
1400,137.910446,137.142868,139.189774,1.662782,1.896708,10,0.0,0.767578,0.0,1.628304,2.276057,8.0
1407,138.166321,137.142868,139.189774,1.701699,1.896708,10,0.0,0.767593,0.0,1.679202,1.70704,8.0
1414,137.910446,137.398727,139.445633,1.710225,1.707028,10,0.0,0.255859,0.0,1.72318,1.707051,8.0
1420,137.910446,137.654587,139.445633,1.69055,1.517371,10,0.0,0.255859,0.0,1.728601,1.896731,8.0
1428,138.166321,137.910446,139.701492,1.741419,1.327703,10,0.0,0.255875,0.0,1.777944,1.896708,8.0
1437,138.678055,138.42218,139.957352,1.67216,1.138034,10,0.0,0.255875,0.0,1.726905,1.51736,8.0
1444,139.189774,138.678055,140.213226,1.673245,0.758674,10,0.0,0.511719,0.0,1.743075,1.138023,8.0
1452,139.445633,138.933899,140.724945,1.755361,1.327703,10,0.0,0.255859,0.0,1.744763,1.327691,8.0
1459,139.701492,139.189774,140.98082,1.872645,1.70704,10,0.0,0.0,0.0,1.755445,1.327714,8.0
1466,140.213226,139.701492,141.492538,1.956793,1.517371,10,0.0,0.255875,0.0,1.726912,1.517371,8.0
1473,140.724945,140.213226,142.004272,1.995809,1.517382,10,0.0,0.511719,0.0,1.70785,1.707051,8.0
1479,140.98082,140.469086,142.515991,2.134072,1.896708,10,0.0,0.511734,0.0,1.767392,1.896708,8.0
1484,141.492538,140.724945,142.771866,2.127244,1.70704,10,0.0,0.511719,0.0,1.697207,1.707051,8.0
1491,141.748413,141.236679,143.2836,2.033362,1.896719,10,0.0,0.511734,0.0,1.710585,2.086388,8.0
1499,142.260132,141.492538,143.795319,2.036402,2.086411,10,0.0,0.511719,0.0,1.764416,2.086377,8.0
1507,142.771866,142.004272,144.307053,1.925318,2.086399,10,0.0,0.511734,0.0,1.713661,2.086388,8.0
1514,143.2836,142.515991,144.562897,1.808423,1.896731,10,0.0,0.511734,0.0,1.662409,1.896708,8.0
1521,143.795319,143.2836,145.074631,1.666062,1.70704,10,0.0,0.511719,0.0,1.522563,1.896708,8.0
1528,144.307053,143.539444,145.586365,1.508658,1.707062,10,0.0,0.0,0.0,1.401425,1.517371,8.0
1536,145.33049,144.562897,146.098099,1.246489,1.517371,10,0.0,0.511719,0.0,1.215114,1.517371,8.0
1543,146.098099,145.33049,146.609818,1.031952,1.138057,10,0.0,0.767609,0.0,1.080684,1.517371,8.0
1550,146.865677,146.353958,146.865677,0.559734,0.569006,8,0.0,0.255859,0.0,0.626736,0.569017,6.0
1556,147.377411,146.865677,147.377411,0.624239,0.758674,7,0.0,1.279312,0.0,1.118213,0.758686,6.0
1564,147.88913,147.377411,147.88913,0.602966,0.189669,8,0.255859,0.511719,0.0,2.478926,0.379337,6.0
1571,148.144989,147.88913,148.144989,0.968308,0.379348,10,0.767578,1.279312,0.0,3.55641,0.758686,6.0
1579,147.63327,147.377411,148.400864,1.118945,0.758686,8,1.791046,2.046906,1.791046,4.31998,1.327703,6.0
1586,147.88913,147.377411,148.144989,1.03792,0.569028,10,6.90831,10.490402,3.582077,5.18385,7.207518,7.0
1594,147.88913,147.377411,147.88913,1.019536,0.569006,10,9.978683,12.537308,3.326233,6.130054,7.966215,9.0
1601,147.88913,147.377411,147.88913,0.960766,0.569006,10,13.56076,17.398727,8.955231,7.267882,7.586878,9.0
1608,147.63327,147.377411,147.88913,0.957733,0.379337,10,16.886993,21.748405,13.816635,8.622303,10.621609,9.0
1615,147.63327,147.377411,147.88913,1.002267,0.569006,10,20.469086,24.30703,17.398712,10.130065,6.069484,9.0
1621,147.377411,147.121552,147.63327,1.016322,0.569006,10,23.539459,26.353951,19.189774,11.184911,4.931439,9.0
1628,146.865677,146.609818,147.377411,1.128251,0.758674,9,27.889122,28.400856,21.236664,12.032663,8.345563,11.0
1635,146.353958,145.842224,147.121552,1.191748,1.138034,9,30.447769,32.750542,23.283592,12.179363,7.207518,11.0
1643,146.098099,145.074631,146.865677,1.277612,1.138034,10,33.006401,35.309189,26.098091,12.357631,6.828192,11.0
1650,144.818771,144.562897,146.098099,1.371919,1.517394,9,34.285713,37.10022,30.959488,8.22756,6.638513,10.0
1657,144.562897,144.307053,145.586365,1.360601,1.138034,10,36.588478,40.682297,32.2388,7.6078,6.638501,10.0
1664,144.307053,144.051178,144.818771,1.290357,0.948365,10,38.379539,42.217491,33.518143,7.050835,7.017838,10.0
1671,144.051178,143.539444,144.307053,1.279035,0.948377,10,39.658844,43.75267,34.79744,6.6961,7.207513,10.0
1678,143.795319,143.539444,144.051178,1.204945,0.569017,10,41.44989,45.287849,36.588493,6.410163,7.207513,10.0
1684,143.539444,143.02771,144.051178,1.181789,0.758697,10,42.729202,46.567154,38.635391,6.171979,7.01785,10.0
1691,143.2836,143.02771,144.307053,1.147117,1.138057,10,44.776131,48.102364,40.938171,5.874097,7.207524,10.0
1698,143.2836,143.02771,144.307053,1.188228,1.327714,10,47.59063,49.893402,43.496819,5.605948,6.828175,10.0
1705,143.539444,143.02771,143.795319,1.149331,0.758697,10,50.405113,51.940285,46.055435,5.351091,6.448838,10.0
1712,143.539444,142.771866,143.539444,1.22084,0.569028,10,52.452019,53.731346,47.590622,5.231214,6.448827,10.0
1720,142.771866,142.260132,143.2836,1.281025,0.758697,10,53.475487,55.010666,48.358215,5.244749,6.448838,10.0
1726,142.260132,141.748413,142.771866,1.273334,0.948343,10,53.987206,56.034111,48.869934,5.300486,6.638507,10.0
1733,141.492538,140.724945,141.748413,1.279035,1.138034,10,54.498932,57.057564,49.38166,5.188137,6.638507,10.0
1740,140.469086,139.701492,140.98082,1.323752,1.517371,10,55.266518,57.313431,49.893387,5.07452,6.638507,10.0
1748,139.445633,138.933899,140.213226,1.207352,1.327691,10,55.778252,57.825157,50.405121,4.974847,6.828175,10.0
1754,138.678055,138.42218,139.445633,1.20283,1.138023,10,56.289993,58.081039,50.660995,4.90268,6.828181,10.0
1761,137.654587,137.654587,138.678055,1.188228,0.948354,10,56.545837,59.104477,51.172714,4.85197,7.017855,10.0
1767,137.142868,136.631134,138.166321,1.247653,1.138034,10,57.057571,60.383804,51.684441,4.800805,7.20753,10.0
1774,136.631134,135.863556,137.398727,1.263872,1.327703,10,58.081024,61.15139,52.707893,4.688195,7.207518,10.0
1781,136.1194,135.095947,136.887009,1.195553,1.327714,10,59.104469,61.918968,53.987198,4.569073,6.828181,10.0
1789,135.095947,134.328369,136.1194,1.170961,1.327691,10,59.87207,62.430702,55.010651,4.286171,6.259164,10.0
1795,134.584213,133.816635,135.607681,1.242105,1.517371,10,60.639648,62.942413,56.034103,4.08884,5.500479,10.0
1802,133.816635,133.304916,135.095947,1.287817,1.70704,10,61.15139,63.198296,56.545837,3.872952,5.121141,10.0
1810,133.304916,132.537323,134.328369,1.301582,1.51736,10,61.918983,63.45417,57.313446,3.601228,4.741787,10.0
1816,132.793182,132.025589,133.816635,1.3366,1.517382,10,62.43071,63.454155,58.081024,3.336487,3.983102,10.0
1821,132.281448,131.513855,133.304916,1.316862,1.517382,10,62.942421,63.198288,58.336884,3.177931,3.414096,10.0
1828,131.76973,131.002136,132.537323,1.299344,1.517371,10,63.198296,63.454163,59.104485,2.979099,3.224428,10.0
1835,131.002136,130.234558,131.76973,1.310215,1.70704,10,63.198296,63.965881,59.360336,2.781485,3.034742,10.0
1842,130.490402,129.722824,131.258011,1.310493,1.70704,10,63.710014,64.733475,60.12793,2.626118,3.414082,10.0
1849,129.978683,128.955231,130.746277,1.344466,1.896708,10,64.221756,65.245209,60.895523,2.586347,3.793428,10.0
1856,129.21109,128.443497,129.978683,1.312714,1.896714,10,64.477615,65.245197,61.663116,2.536363,3.79343,10.0
1863,128.699371,127.675903,129.466949,1.389954,2.086388,10,64.733479,65.756939,62.686577,2.350604,3.224414,10.0
1870,127.931786,127.164185,128.955231,1.381561,1.707051,10,64.733486,66.268665,63.710037,2.25328,2.845071,10.0
1878,127.164185,126.396599,128.443497,1.380764,1.707045,10,65.245209,67.292114,64.733479,2.189257,2.655402,10.0
1885,126.652451,125.884865,127.931786,1.380507,1.517382,10,65.756927,67.547966,65.245197,2.120221,2.086388,10.0
1891,126.140732,125.373138,127.420052,1.451397,1.517377,10,66.012802,68.059708,65.501068,2.197053,3.034742,10.0
1898,125.373138,124.861412,126.908318,1.432227,1.517371,10,67.036247,68.57143,65.756935,2.331962,2.655399,10.0
1905,124.861412,124.349686,126.140732,1.44134,1.327708,10,68.059704,68.82729,66.012794,2.577893,2.276059,10.0
1911,124.349686,123.837952,125.884865,1.432225,1.517377,10,68.315563,69.083157,66.524525,2.55522,2.086388,10.0
1919,123.837952,123.326241,125.117279,1.392047,1.327697,10,68.82729,70.618332,68.571423,2.550235,2.086391,10.0
1926,123.326241,122.814507,124.605553,1.392049,1.327708,10,70.874214,71.897667,70.362484,2.926753,1.896717,10.0
1934,122.558632,122.30278,123.837952,1.410736,1.138023,10,73.432835,74.20042,73.176968,3.487534,1.327697,10.0
1941,122.046913,121.791046,123.326241,1.434513,1.327714,10,76.503201,77.526657,74.968021,3.616447,2.086391,10.0
1949,121.535179,121.02346,122.814507,1.419218,1.51736,10,80.341148,81.108738,77.526649,2.760482,2.655405,10.0
1956,121.02346,120.255859,122.30278,1.474521,1.896731,10,83.667381,84.179108,81.876339,2.777949,2.845074,10.0
1962,120.767593,120.000008,121.791046,1.37019,1.707034,10,86.993607,90.063967,85.20256,3.330052,4.36245,10.0
1970,120.255859,119.744141,121.279327,1.310497,1.517371,10,91.855005,96.716413,89.808098,4.405347,4.362446,10.0
1978,119.744141,119.488274,120.767593,1.317137,1.327708,10,97.739876,101.833691,94.669514,5.267449,4.741792,10.0
1985,119.232407,118.976555,120.255859,1.283293,1.327697,10,102.345413,105.671638,98.763323,5.346739,6.069493,10.0
1992,118.976555,118.72068,119.744141,1.200105,1.138028,10,105.415787,106.183376,103.368878,5.888507,2.845075,10.0
1999,118.464821,118.208969,119.232407,1.188226,0.948354,10,105.415779,107.462688,105.159916,3.746846,1.896715,9.0
2006,117.953094,117.697235,118.72068,1.189146,1.138023,10,107.718553,108.997869,106.439235,3.238974,2.655402,9.0
2012,117.697235,117.185501,118.464821,1.130183,1.138045,10,109.765465,110.021328,106.695103,3.300981,2.655404,9.0
2020,117.185501,116.673782,117.697235,1.250274,1.327703,10,110.533049,113.347548,106.183369,4.101805,4.931463,9.0
2028,116.673782,116.417908,117.185501,1.261855,1.138034,10,112.835829,114.115147,105.67165,4.39977,4.172776,9.0
2036,116.162048,115.906189,116.673782,1.336597,0.94836,10,112.324095,113.859276,105.159916,4.680936,5.690149,9.0
2043,115.650322,115.394463,116.673782,1.325673,1.327703,10,111.812369,113.34755,104.904053,4.649752,5.690149,9.0
2050,115.394463,114.882736,116.673782,1.413052,1.517371,10,111.556509,113.091691,104.904058,4.619933,5.690149,9.0
2059,115.394463,114.626869,116.673782,1.376549,1.896725,10,111.556509,113.091691,105.415784,4.564494,5.690149,9.0
2066,115.650322,114.37101,116.417908,1.315756,1.896714,10,111.812369,113.34755,106.183371,4.514822,5.690149,9.0
2072,115.650322,114.115135,116.417908,1.29233,1.517377,10,111.812369,113.34755,106.439234,4.520256,5.690149,9.0
2080,115.906189,114.115135,116.417908,1.248817,0.948348,10,112.068236,113.603417,106.950964,4.499086,5.690149,9.0
2086,115.906189,114.115135,116.162048,1.144573,0.948348,10,112.068236,113.603417,107.206828,4.479439,5.690149,9.0
2093,115.650322,114.115135,116.162048,1.119839,0.948348,10,111.812369,113.34755,107.206825,4.444798,5.310806,9.0
2099,115.394463,114.37101,116.417908,1.086874,0.75868,10,111.556509,113.091691,106.695102,4.448479,4.931462,9.0
2105,115.650322,114.626869,116.417908,0.97243,0.75868,10,111.812369,113.34755,106.950961,4.435378,4.55212,9.0
2111,115.906189,115.138603,116.417908,0.90622,0.758697,10,112.068236,113.603417,107.206828,4.423883,4.172775,9.0
2117,116.162048,115.394463,116.673782,0.802341,0.94836,10,112.324095,113.859276,107.462687,4.435378,4.55212,9.0
2124,116.162048,115.650322,116.673782,0.782139,0.94836,10,112.324095,114.11514,107.462687,4.46256,4.55212,9.0
2131,116.162048,115.906189,116.929642,0.751307,0.758686,10,112.324095,114.11514,107.462687,4.4405,4.931462,9.0
2137,116.417908,116.162048,116.929642,0.753242,0.758686,10,112.579954,114.370999,107.718547,4.4405,4.931462,9.0
2144,116.673782,116.417908,117.185501,0.718145,0.758697,10,112.835829,114.626874,107.974422,4.4405,4.931462,9.0
2151,116.929642,116.673782,117.441368,0.671556,0.569011,10,113.091688,114.882733,108.230281,4.455627,5.310806,9.0
2157,117.185501,117.185501,117.441368,0.612649,0.189674,10,113.347548,115.138593,108.48614,4.455627,5.310806,9.0
2163,117.441368,117.441368,117.697235,0.612651,0.189674,10,113.603415,115.39446,108.742007,4.455627,5.310806,9.0
2171,117.953094,117.697235,117.953094,0.571491,0.379348,10,114.115141,115.906186,109.253734,4.472329,5.690149,9.0
2178,117.953094,117.953094,118.208969,0.578449,0.379343,10,114.115141,115.906186,109.253734,4.472329,5.690149,9.0
2184,118.208969,118.208969,118.72068,0.615017,0.569,10,114.371016,116.162061,109.509608,4.49059,6.069493,9.0
2191,118.72068,118.464821,119.232407,0.66338,0.758674,10,114.882727,116.673772,110.021319,4.49059,6.069493,9.0
2198,118.976555,118.72068,119.488274,0.629055,0.758674,10,115.138602,116.929646,110.277194,4.49059,6.069493,9.0
2205,119.232407,118.976555,119.744141,0.626736,0.569006,10,115.394453,117.185498,110.277182,4.510389,6.069493,9.0
2212,119.488274,119.232407,120.000008,0.654552,0.758674,10,115.65032,117.441365,110.533049,4.510389,6.069493,9.0
2218,119.744141,119.744141,120.255859,0.658434,0.758686,10,115.906187,117.697232,110.533052,4.531707,6.069493,9.0
2224,120.000008,120.000008,120.767593,0.694978,0.94836,10,116.162054,117.953099,110.788919,4.531707,6.069493,9.0
2230,120.255859,120.000008,121.02346,0.715605,0.758686,10,116.417906,118.208951,111.044771,4.531707,6.069493,9.0
2236,120.511742,120.255859,121.279327,0.715605,0.758708,10,116.673788,118.464833,111.04479,4.554523,6.069493,9.0
2243,121.02346,120.767593,121.535179,0.671557,0.758686,10,117.185507,118.976552,111.556509,4.554523,6.069493,9.0
2249,121.279327,121.02346,121.791046,0.671554,0.758686,10,117.441374,119.232419,111.812376,4.554523,6.069493,9.0
2256,121.535179,121.535179,122.046913,0.661187,0.569023,10,117.697226,119.488271,111.812365,4.578814,6.069493,9.0
2263,122.046913,121.791046,122.30278,0.651771,0.569023,10,118.20896,120.000005,112.324099,4.578814,6.069493,9.0
2270,122.30278,122.046913,122.558632,0.682835,0.569023,10,118.464827,120.255872,112.324101,4.604557,6.069493,9.0
2276,122.558632,122.30278,122.814507,0.753727,0.569017,10,118.720679,120.511724,112.579953,4.604557,6.069493,9.0
2284,122.814507,122.558632,123.326241,0.763316,0.948365,10,118.976553,120.767598,112.835828,4.573449,6.069493,9.0
2289,123.070366,122.558632,123.326241,0.81315,0.94836,10,119.232413,121.023458,112.835824,4.601001,6.069493,9.0
2296,123.070366,122.814507,123.326241,0.894914,0.94836,10,119.232413,121.023458,112.835824,4.601001,6.069493,9.0
2302,123.070366,122.814507,123.326241,0.92999,0.94836,10,119.232413,121.023458,112.835824,4.601001,6.069493,9.0
2309,123.326241,123.070366,123.5821,0.822045,0.569011,10,119.488287,121.279332,113.091699,4.601001,6.069493,9.0
2315,123.326241,123.070366,123.5821,0.760928,0.569011,10,119.488287,121.279332,113.091699,4.601001,6.069493,9.0
2322,123.070366,122.558632,123.5821,0.820275,0.758674,10,119.232413,121.023458,112.835824,4.601001,6.069493,9.0
2329,123.070366,122.558632,123.5821,0.757579,0.569017,10,119.232413,121.023458,112.835824,4.601001,6.069493,9.0
2335,123.070366,122.558632,123.5821,0.772786,0.758697,10,119.232413,121.023458,112.835824,4.619343,6.448836,9.0
2342,122.814507,122.814507,123.5821,0.774668,0.948365,10,118.976553,120.767598,112.835828,4.592099,6.448836,9.0
2349,122.814507,122.814507,123.326241,0.789086,0.569028,10,118.976553,120.767598,112.835828,4.621508,6.448836,9.0
2355,122.814507,122.814507,123.326241,0.767117,0.569028,10,118.976553,120.767598,112.835828,4.621508,6.448836,9.0
2361,123.070366,122.558632,123.070366,0.762838,0.37936,10,119.232413,121.023458,113.091687,4.621508,6.448836,9.0
2368,123.070366,122.30278,123.070366,0.731689,0.18968,10,119.232413,121.023458,113.091687,4.621508,6.448836,9.0
2374,122.814507,122.30278,123.070366,0.695501,0.189669,10,119.232417,120.767598,112.835828,4.638201,6.448836,9.0
2381,122.814507,122.30278,123.070366,0.715607,0.569028,10,119.232417,120.767598,112.835828,4.688311,6.448836,9.0
2389,122.814507,122.30278,123.070366,0.721678,0.569011,10,119.232417,120.767598,112.835828,4.688311,6.448836,9.0
2396,122.814507,122.046913,123.070366,0.810908,0.758697,10,119.232417,120.767598,113.091692,4.662836,6.448836,9.0
2402,122.814507,122.046913,123.070366,0.755172,0.569017,10,119.232417,120.767598,113.091692,4.662836,6.448836,9.0
2409,122.558632,121.791046,122.814507,0.792768,0.569028,10,118.976542,120.511724,112.835817,4.662836,6.448836,9.0
2416,122.30278,121.535179,122.558632,0.751309,0.758691,10,118.72069,120.255872,112.579966,4.662836,6.448836,9.0
2422,122.046913,121.535179,122.558632,0.721678,0.75868,10,118.464823,120.000005,112.324099,4.662836,6.448836,9.0
2429,121.791046,121.279327,122.30278,0.7257,0.94836,10,118.208956,119.744138,112.068232,4.662836,6.448836,9.0
2436,121.535179,121.279327,122.046913,0.682834,0.758686,10,117.953089,119.488271,111.812365,4.633494,6.448836,9.0
2443,121.279327,120.767593,122.046913,0.747908,0.94836,10,117.697238,119.232419,111.556513,4.633494,6.448836,9.0
2450,121.279327,120.767593,121.791046,0.774664,0.94836,10,117.697238,119.232419,111.812376,4.609096,6.448836,9.0
2456,121.279327,120.511742,121.791046,0.78585,1.138023,10,117.697238,119.232419,111.812376,4.609096,6.448836,9.0
2463,121.02346,120.511742,121.791046,0.876434,0.948348,10,117.441371,118.976552,111.556509,4.609096,6.448836,9.0
2470,120.767593,120.255859,121.535179,0.898159,1.138023,10,117.185504,118.720685,111.044779,4.633494,6.448836,9.0
2477,120.767593,120.255859,121.535179,0.837819,0.94836,10,117.185504,118.720685,110.788915,4.659325,6.448836,9.0
2484,121.02346,120.255859,121.279327,0.792764,0.758674,10,117.441371,118.976552,110.788918,4.686565,6.448836,9.0
2492,121.02346,120.511742,121.279327,0.726198,0.758674,10,117.441371,118.976552,110.788918,4.715192,6.448836,9.0
2499,121.279327,120.767593,121.279327,0.654553,0.379337,10,117.697238,119.232419,111.044785,4.745179,6.448836,9.0
2507,121.535179,121.02346,121.535179,0.553387,0.189674,10,117.953089,119.488271,111.300637,4.809131,6.448836,9.0
2513,121.535179,121.02346,121.791046,0.542093,0.379348,10,117.953089,119.488271,111.300637,4.843043,6.448836,9.0
2521,121.535179,121.02346,122.046913,0.571493,0.569023,10,117.953089,119.488271,111.300637,4.878212,6.448836,9.0
2528,121.535179,121.02346,122.30278,0.665574,0.758697,10,117.953089,119.488271,111.300637,4.914608,6.448836,9.0
2535,121.791046,121.279327,122.558632,0.69288,0.94836,10,118.208956,119.744138,111.556504,4.982409,6.448836,9.0
2542,122.046913,121.791046,122.814507,0.724198,0.94836,10,118.464823,120.000005,111.812371,5.02113,6.448836,9.0
2550,122.30278,122.30278,123.070366,0.672099,0.758686,10,118.72069,120.255872,112.068238,4.944857,6.448836,9.0
2558,122.814507,122.558632,123.326241,0.707943,0.758708,10,119.232417,120.767598,112.579965,4.806861,6.448836,9.0
2562,122.814507,122.814507,123.837952,0.765217,0.758697,9,119.232417,120.767598,112.579965,4.745562,6.448836,9.0
2603,124.861412,124.861412,125.373138,0.983584,0.379348,9,121.279322,123.326231,115.650324,4.756266,4.741791,8.0
2614,125.884865,124.861412,125.884865,1.1071,1.517371,10,122.302775,123.837956,115.906186,4.768689,6.448836,9.0
2622,126.396599,125.629013,126.652451,1.208862,1.51736,10,122.814509,124.34969,116.41792,4.768689,6.448836,9.0
2629,126.652451,126.140732,127.420052,1.242102,1.327708,10,123.070361,124.605542,116.673772,4.768689,6.448836,9.0
2636,127.164185,126.652451,128.187637,1.218155,1.138034,10,123.582095,125.117276,117.185506,4.768689,6.448836,9.0
2643,127.675903,127.164185,128.187637,1.150912,1.138034,10,124.093814,125.628995,117.697225,4.768689,6.448836,9.0
2650,128.187637,127.675903,128.955231,1.058736,0.948365,10,124.605548,126.140729,118.208959,4.768689,6.448836,9.0
2657,128.443497,128.443497,129.722824,1.104144,0.948354,10,124.861407,126.396588,118.464818,4.768689,6.448836,9.0
2663,129.21109,128.955231,130.234558,1.155642,0.948365,10,125.629,127.164182,119.232411,4.768689,6.448836,9.0
2670,130.234558,129.722824,131.002136,1.31824,1.138034,10,126.652468,128.18765,120.255879,4.768689,6.448836,9.0
2676,131.258011,130.490402,131.76973,1.493145,1.327703,10,127.675921,129.211102,121.279332,4.768689,6.448836,9.0
2682,131.258011,131.002136,132.537323,1.648502,1.138034,10,127.675921,129.211102,121.279332,4.768689,6.448836,9.0
2689,132.025589,130.746277,132.281448,1.774515,1.327714,10,128.443499,129.978681,122.04691,4.800426,6.448836,9.0
2695,131.76973,131.258011,132.281448,1.891965,1.327691,10,128.18764,129.722821,121.791051,4.800426,6.448836,9.0
2702,131.513855,131.002136,132.025589,1.979892,1.517371,10,127.931765,129.466947,121.535176,4.800426,6.448836,9.0
2709,131.002136,130.490402,131.76973,2.109902,1.70704,10,127.420047,128.955228,121.023458,4.800426,6.448836,9.0
2715,130.746277,129.978683,131.513855,2.153582,1.896719,10,127.164187,128.699368,120.767598,4.840226,6.82818,9.0
2722,130.490402,129.466949,131.002136,2.040504,1.896708,10,126.908313,128.443494,120.511724,4.840226,6.82818,9.0
2729,129.978683,128.955231,130.746277,1.983562,2.086399,10,126.652457,127.931775,120.000005,4.857665,6.82818,9.0
2735,129.466949,128.443497,130.490402,1.956238,2.086388,10,126.140723,127.420041,119.744135,4.832706,6.82818,9.0
2742,128.955231,127.931786,130.234558,1.966438,2.086382,10,125.629004,126.908322,119.232416,4.832706,6.82818,9.0
2750,128.443497,127.675903,129.722824,1.930599,1.896714,10,125.11727,126.396588,118.720682,4.832706,6.82818,9.0
2757,128.443497,127.420052,129.466949,1.907284,1.896708,10,125.11727,126.396588,118.720682,4.832706,6.82818,9.0
2765,128.187637,127.420052,129.21109,1.884261,1.517371,10,124.861411,126.140729,118.464823,4.832706,6.82818,9.0
2772,128.187637,127.164185,128.699371,1.859978,1.707045,10,124.861411,126.140729,118.464823,4.832706,6.82818,9.0
2778,127.931786,127.164185,128.699371,1.857042,1.707057,10,124.605559,125.884877,118.208971,4.802319,6.82818,9.0
2786,127.420052,126.908318,128.443497,1.956789,1.707057,10,124.093825,125.373143,117.697237,4.771358,6.82818,9.0
2793,127.420052,126.652451,128.187637,1.967913,1.707051,10,124.093825,125.373143,117.697237,4.742304,6.82818,9.0
2800,127.164185,126.652451,128.187637,2.000358,1.896708,10,123.837958,125.117276,117.44137,4.742304,6.82818,9.0
2803,127.164185,126.652451,128.187637,2.103688,1.896708,10,123.837958,125.117276,117.44137,4.742304,6.82818,9.0
2823,126.396599,125.884865,127.675903,2.49531,1.896719,10,123.070373,124.861418,116.673784,5.005363,5.690149,8.0
2834,125.884865,125.373138,127.420052,2.81695,2.276057,10,122.558639,124.349684,116.16205,5.005363,5.690149,8.0
2842,125.629013,124.861412,127.164185,3.093491,2.276057,10,122.302787,124.093832,116.162062,5.010966,5.879821,8.0
2848,125.373138,124.349686,126.908318,3.366547,2.276062,10,122.046912,123.837957,115.906187,5.010966,5.879821,8.0
2856,125.117279,123.837952,126.908318,3.653367,2.655394,10,121.791053,123.582098,115.650328,4.98723,5.879821,8.0
2863,124.861412,123.326241,126.652451,3.880737,2.655394,10,121.535186,123.326231,115.394461,5.010966,5.879821,8.0
2870,124.349686,123.070366,126.396599,4.060365,2.845074,10,121.023459,122.558641,114.626871,5.003495,5.879821,8.0
2877,124.093826,122.814507,126.140732,4.16568,2.845074,10,120.7676,122.302781,114.371012,5.030176,6.069493,8.0
2883,123.837952,122.558632,125.884865,4.279803,2.845079,10,120.511725,122.046907,114.115137,5.030176,6.069493,8.0
2889,123.5821,122.30278,125.629013,4.385819,2.845085,10,120.255874,121.791055,114.115149,5.033893,6.259164,8.0
2896,123.326241,122.046913,125.373138,4.458606,2.655416,10,120.000014,121.535196,113.859289,5.063878,6.448836,8.0
2903,122.814507,121.791046,125.117279,4.623595,2.655411,10,119.48828,121.023462,113.347555,5.095293,6.638508,8.0
2911,122.558632,121.535179,124.861412,4.725673,2.655399,10,119.232406,120.767587,113.091681,5.095293,6.638508,8.0
2918,122.30278,121.279327,124.605553,4.832445,2.655405,10,118.976554,120.511735,112.835829,5.128111,6.828179,8.0
2925,121.791046,121.02346,124.605553,4.967314,2.655394,10,118.46482,120.000001,112.324095,5.162306,6.828179,8.0
2932,121.535179,121.02346,124.349686,5.023736,2.845062,10,118.208953,119.744134,112.068228,5.19785,6.828179,8.0
2939,121.279327,120.767593,124.093826,5.105102,2.655394,10,117.953101,119.488283,111.812376,5.234717,6.828179,8.0
2946,120.767593,120.511742,123.837952,5.156638,2.465742,10,117.441367,118.976549,111.300642,5.234717,6.828179,8.0
2952,120.511742,120.255859,123.5821,5.23566,2.276068,10,117.185515,118.720697,111.04479,5.241413,6.638508,8.0
2959,120.255859,120.000008,123.326241,5.2895,2.276057,10,116.929633,118.464815,110.788908,5.280853,6.638508,8.0
2966,120.000008,119.744141,123.070366,5.302202,1.896719,10,116.673781,118.208963,110.533056,5.32154,6.638508,8.0
2972,119.744141,119.744141,122.814507,5.311249,1.896708,10,116.417914,117.953096,110.277189,5.32154,6.638508,8.0
2978,119.744141,119.488274,122.814507,5.308168,1.896719,10,116.417914,117.953096,110.277189,5.32154,6.638508,8.0
2986,119.744141,119.488274,122.558632,5.348643,2.276062,10,116.417914,117.953096,110.277189,5.280853,6.638508,8.0
2992,119.488274,119.488274,122.30278,5.351027,2.086394,10,116.162047,117.697229,110.021322,5.280853,6.638508,8.0
2999,119.488274,119.232407,122.046913,5.356255,2.086399,10,116.162047,117.697229,110.021322,5.241413,6.638508,8.0
3005,119.488274,119.232407,121.791046,5.390302,2.086382,10,117.441365,117.697229,110.021322,5.354997,4.931463,9.0
3012,119.488274,119.232407,121.535179,5.424269,1.896719,10,117.441365,117.697229,110.021322,5.318024,4.931463,9.0
3017,119.488274,118.976555,121.279327,5.511538,2.086382,10,117.441365,117.697229,110.021322,5.318024,4.931463,9.0
3024,119.232407,118.976555,121.279327,5.704987,1.896714,10,117.185498,117.441362,109.765455,5.282169,4.931463,9.0
3031,119.232407,118.976555,121.02346,5.847291,1.896708,10,117.185498,117.441362,109.765455,5.282169,4.931463,9.0
3039,119.232407,118.72068,120.767593,5.859532,1.517377,10,116.929635,117.441362,109.765455,5.203607,4.931463,9.0
3046,119.232407,118.72068,120.511742,5.932015,1.327714,10,116.929635,117.441362,109.509592,5.194163,4.931463,9.0
3054,118.976555,118.976555,120.511742,5.930788,1.327703,10,116.673783,117.18551,109.25374,5.194163,4.931463,9.0
3062,118.976555,118.72068,120.511742,5.902758,1.13804,10,116.673783,117.18551,109.25374,5.161853,4.931463,9.0
3071,118.976555,118.72068,120.511742,5.832094,0.94836,10,116.673783,117.18551,109.25374,5.194163,4.931463,9.0
3081,118.976555,118.72068,120.511742,5.847042,0.94836,10,116.673783,117.18551,109.25374,5.209196,4.552119,9.0
3088,118.976555,118.464821,120.511742,5.881524,1.138023,10,116.673783,117.18551,109.25374,5.242775,4.552119,9.0
3099,118.72068,118.464821,120.511742,5.912853,1.138023,10,116.417908,116.929635,108.997866,5.27752,4.552119,9.0
3106,118.72068,118.464821,120.511742,5.91513,1.327691,10,116.417908,116.929635,108.997866,5.27752,4.552119,9.0
3113,118.72068,117.953094,120.511742,5.938144,1.70704,10,116.417908,116.929635,108.997866,5.313406,4.552119,9.0
3120,118.72068,117.953094,120.511742,5.939672,2.086377,10,116.417908,116.929635,108.997866,5.313406,4.552119,9.0
3126,118.72068,117.697235,120.511742,6.018026,2.465742,10,116.417908,116.929635,108.997866,5.313406,4.552119,9.0
3132,118.72068,117.697235,120.511742,6.112291,2.655411,10,116.417908,116.929635,108.997866,5.350411,4.552119,9.0
3139,118.464821,117.697235,120.511742,6.106515,3.034759,10,116.162049,116.673776,108.742006,5.397616,4.552119,9.0
3145,118.464821,117.953094,120.511742,5.960453,2.845079,10,116.162049,116.673776,108.742006,5.435219,4.552119,9.0
3151,118.464821,117.953094,120.511742,5.886776,2.655411,10,116.162049,116.673776,108.742006,5.435219,4.552119,9.0
3158,118.464821,118.208969,120.511742,5.691259,2.655411,10,116.417912,116.673776,108.742006,5.456423,4.552119,9.0
3164,118.464821,118.208969,120.511742,5.619234,2.465742,10,116.417912,116.673776,108.742006,5.495113,4.552119,9.0
3170,118.464821,118.464821,120.511742,5.529655,2.276068,10,116.417912,116.673776,108.742006,5.495113,4.552119,9.0
3177,118.464821,118.208969,120.511742,5.534454,2.276068,10,116.417912,116.673776,108.742006,5.495113,4.552119,9.0
3184,118.72068,118.208969,120.511742,5.411848,1.707045,10,116.673772,116.929635,108.997866,5.456423,4.552119,9.0
3190,118.72068,118.464821,120.511742,5.322397,1.707045,10,116.673772,116.929635,108.997866,5.398964,4.552119,9.0
3196,118.976555,118.208969,120.511742,5.259154,1.707045,10,116.929646,117.18551,109.25374,5.398964,4.552119,9.0
3203,119.232407,118.464821,120.511742,5.064117,1.707045,10,117.185498,117.441362,109.509592,5.362124,4.552119,9.0
3210,119.232407,118.464821,120.255859,4.787078,1.707045,10,117.185498,117.441362,109.509592,5.326395,4.552119,9.0
3216,119.232407,118.464821,120.255859,4.404438,1.896719,10,117.185498,117.441362,109.509592,5.326395,4.552119,9.0
3223,119.232407,118.464821,120.255859,3.93629,1.896719,10,117.185498,117.441362,109.509592,5.2918,4.552119,9.0
3230,119.488274,118.464821,120.255859,3.433194,1.896719,10,117.441365,117.697229,109.765459,5.258361,4.552119,9.0
3237,119.488274,118.464821,120.255859,3.059564,1.896719,10,117.441365,117.697229,109.765459,5.258361,4.552119,9.0
3243,119.744141,118.464821,120.255859,2.811269,1.896719,10,117.697232,117.953096,110.021326,5.2261,4.552119,9.0
3250,119.744141,118.464821,120.255859,2.363721,2.086394,10,117.697232,117.953096,110.021326,5.195038,4.552119,9.0
3256,120.000008,118.72068,120.255859,2.010337,1.896725,10,117.953099,118.208963,110.277193,5.195038,4.552119,9.0
3263,119.744141,118.72068,120.000008,1.687754,1.896725,10,117.697232,117.953096,110.021326,5.195038,4.552119,9.0
3269,119.488274,118.72068,120.000008,1.550506,1.138034,10,117.697229,117.697229,109.765459,5.217219,4.552119,9.0
3276,119.232407,118.72068,119.744141,1.452651,0.758691,10,117.441362,117.441362,109.509592,5.217219,4.552119,9.0
3282,119.232407,118.72068,119.488274,1.400386,0.758686,10,117.441362,117.441362,109.509592,5.217219,4.552119,9.0
3288,118.976555,118.208969,119.488274,1.314651,1.138023,10,117.18551,117.18551,108.997876,5.214081,4.552119,9.0
3295,118.464821,117.953094,119.232407,1.206453,1.138023,10,116.673776,116.673776,108.486142,5.214081,4.552119,9.0
3301,117.953094,117.441368,118.976555,1.20041,1.13804,10,116.16205,116.16205,107.974416,5.214081,4.552119,9.0
3307,117.697235,116.929642,118.72068,1.254627,1.327714,10,115.90619,115.90619,107.718556,5.214081,4.552119,9.0
3314,117.441368,116.417908,118.208969,1.356317,1.517365,10,115.650323,115.650323,107.462689,5.214081,4.552119,9.0
3320,117.185501,115.650322,117.697235,1.458648,1.707045,10,115.394456,115.394456,107.206822,5.214081,4.552119,9.0
3327,116.673782,115.138603,117.441368,1.508653,1.707051,10,114.882738,114.882738,106.695104,5.214081,4.552119,9.0
3335,116.417908,114.626869,116.929642,1.649609,1.896714,10,114.626863,114.626863,106.439229,5.185754,4.552119,9.0
3342,115.650322,113.859283,116.673782,1.845845,2.086394,10,113.859277,113.859277,105.671643,5.165023,4.552119,9.0
3348,114.882736,113.603416,115.650322,1.938114,2.086382,10,113.091691,113.091691,104.904058,5.165023,4.552119,9.0
3355,113.859283,112.835831,114.882736,2.23317,1.896714,10,112.068239,112.068239,103.880605,5.165023,4.552119,9.0
3361,113.091698,112.324097,114.115135,2.582544,1.707045,10,111.300653,111.300653,103.113019,5.165023,4.552119,9.0
3368,112.324097,111.556511,113.347549,3.006199,1.707045,10,110.533052,110.533052,102.345418,5.165023,4.552119,9.0
3375,111.300644,110.277191,112.579964,3.606477,1.896719,10,109.509599,109.509599,101.321965,5.165023,4.552119,9.0
3382,110.533058,109.253738,111.812363,4.026543,1.896708,10,108.742013,108.742013,100.554379,5.165023,4.552119,9.0
3389,109.765472,108.742004,110.78891,4.250382,1.707045,10,107.974428,108.230291,99.786794,5.188383,4.552119,9.0
3396,108.742004,107.974419,110.021324,4.586945,1.517371,10,106.95096,107.206823,99.01919,5.160972,4.552119,9.0
3403,107.718552,107.206825,109.253738,4.811322,1.517382,10,105.927507,106.18337,97.995737,5.160972,4.552119,9.0
3410,106.950966,106.695099,108.486145,4.939045,1.327708,10,105.159921,105.415785,97.228151,5.160972,4.552119,9.0
3417,106.183372,105.927513,107.718552,4.881938,1.517371,10,104.392328,104.648191,96.460558,5.160972,4.552119,9.0
3424,105.415787,105.415787,106.950966,4.955875,1.517371,10,103.624742,103.880606,95.692972,5.160972,4.552119,9.0
3429,104.904053,104.648201,106.43924,5.160864,1.517377,10,103.113008,103.368872,95.437101,5.134832,4.552119,9.0
3435,104.392334,103.624748,105.927513,5.594259,1.896708,10,102.857153,104.392334,95.692973,5.53264,2.655403,7.0
3442,103.368866,102.60128,104.648201,5.973559,2.086394,10,101.577821,103.368866,93.901915,6.392933,7.017851,8.0
3449,102.089561,101.577827,103.8806,6.279177,2.276068,10,100.298517,102.089561,92.878473,7.945318,6.82818,8.0
3455,101.321976,100.554367,103.113014,6.309226,2.655411,10,99.530931,101.321976,92.110888,9.558629,6.82818,8.0
3462,100.042656,99.530922,102.345428,6.31683,2.655411,10,98.251611,100.042656,90.831568,11.616962,6.82818,8.0
3469,98.763329,98.507469,101.577827,6.398807,2.845074,10,96.972284,98.763329,89.808104,13.686735,6.638508,8.0
3477,97.484009,97.228149,100.042656,6.628407,2.465736,10,95.692964,97.484009,88.272921,16.150269,6.82818,8.0
3484,96.716423,96.204697,98.763329,6.207232,2.276057,10,94.925378,96.716423,86.993608,17.609998,7.207522,8.0
3490,95.69297,95.181236,97.739876,5.457358,2.276068,10,93.901925,95.69297,85.458428,18.390133,7.586866,8.0
3497,94.925369,94.157784,96.460556,4.964383,2.276051,10,93.134324,94.925369,84.434964,19.257027,7.586866,8.0
3504,93.901932,93.134331,95.69297,4.765751,2.276068,10,92.110887,93.901932,80.085299,20.165014,7.586866,8.0
3512,92.878464,91.855011,94.669518,4.485606,2.276068,10,91.599146,92.878464,79.061831,23.056807,2.655403,7.0
3519,91.855011,90.831558,93.901932,4.307251,2.276068,10,90.575693,91.855011,78.038379,24.637793,2.655403,7.0
3526,90.831558,89.808098,92.622604,4.130615,2.086388,10,89.55224,90.831558,89.040513,28.799675,2.27606,6.0
3532,90.063972,89.040512,91.599159,3.997084,1.896725,10,88.784655,90.063972,88.272928,30.520849,2.27606,6.0
3539,88.784645,88.272926,90.319832,3.871917,1.517371,9,87.505327,88.784645,86.9936,32.760529,2.27606,6.0
